<?xml version="1.0" encoding="UTF-8"?>
<project-private xmlns="http://www.netbeans.org/ns/project-private/1">
    <editor-bookmarks xmlns="http://www.netbeans.org/ns/editor-bookmarks/1"/>
    <editor-bookmarks xmlns="http://www.netbeans.org/ns/editor-bookmarks/2" lastBookmarkId="0"/>
    <open-files xmlns="http://www.netbeans.org/ns/projectui-open-files/2">
        <group>
            <file>file:/C:/Users/nickb/Dropbox/1-%20TCC/Sisma%201/src/Core/AnimationThreadVia.java</file>
            <file>file:/C:/Users/nickb/Dropbox/1-%20TCC/Sisma%201/src/Interfaces/PainelSimulacoes.java</file>
            <file>file:/C:/Users/nickb/Dropbox/1-%20TCC/Sisma%201/src/Core/AnimationComposto.java</file>
            <file>file:/C:/Users/nickb/Dropbox/1-%20TCC/Sisma%201/src/Interfaces/SISMAControle.java</file>
            <file>file:/C:/Users/nickb/Dropbox/1-%20TCC/Sisma%201/src/Core/Via.java</file>
            <file>file:/C:/Users/nickb/Dropbox/1-%20TCC/Sisma%201/src/Draw/DrawImagem.java</file>
            <file>file:/C:/Users/nickb/Dropbox/1-%20TCC/Sisma%201/src/Core/ThreadControleMod.java</file>
        </group>
    </open-files>
</project-private>
